annotation_id,annotator,category,evidence_sha256,exact_span_refs,existing_human_sensitivity,issue_link_association_correct,issue_url,new_split_merge_decision,rationale,semantic_meaning,status,subtype
068d0de48fdfb2ab52eb14a8,,,edc8cd4ddb4bd5fba07ad3069f5bd7fb70ccf9083eb9b3a66db524e469374ab8,,sensitive_information,,https://issues.apache.org/jira/browse/HADOOP-18958,,,,pending_human_type_review,
09cf97ba0b3ac44851670e31,,,8453354a8aff16b7ad948a9c28542ebab72f079fbb31af4f21e52868ad9bac9b,,evidence_missing,,https://issues.apache.org/jira/browse/KAFKA-3830,,,,pending_human_type_review,
0c6155a5029720bf01026fc2,,,21f24efe8e946a5466101a728a6c823bf833037e123cbab06edd97162bfc0db0,,sensitive_information,,https://issues.apache.org/jira/browse/HTTPCLIENT-1094,,,,pending_human_type_review,
0c6e8f524f20ed5ada81f49a,,,3126567d009d9c49cde6d09fc1995be62f7960b70a7408a33bcee41df79614c1,,sensitive_information,,https://issues.apache.org/jira/browse/BROOKLYN-10,,,,pending_human_type_review,
12e4ea87fca5e78519a096b1,,,945a96699472bb96e26cee00fe73edc7cf1ab5baed9511146560f3a7d55a83e8,,sensitive_information,,https://issues.apache.org/jira/browse/DIRSERVER-660,,,,pending_human_type_review,
155a441f72f662d396db4ee4,,,d2eb83f694764fa6dfbbeff3f71a36285b9ca1263ada271798515663be01f96d,,sensitive_information,,https://issues.apache.org/jira/browse/CXF-6262,,,,pending_human_type_review,
1692979e3d05c6871919b02f,,,b983d266f82f3002eecef1a4e2691416e201d326ce9bcc65d15f08b3ba42e9fe,,sensitive_information,,https://issues.apache.org/jira/browse/WSS-195,,,,pending_human_type_review,
17ab14d1bced24013874efaf,,,7b19caddc0698449d1cfb2d9232c82eb60c7f878e22567fb6a228e6fb538c12b,,sensitive_information,,https://issues.apache.org/jira/browse/HADOOP-13494,,,,pending_human_type_review,
1896b5d526e3207c1e7b661f,,,347a59623fc802c9879b34114f6b7121e8f2b3f1a767aee6f2fdda0dfdb77f0b,,sensitive_information,,https://issues.apache.org/jira/browse/HTTPCORE-206,,,,pending_human_type_review,
1a075aa92929d9ca9371488d,,,596c76dfea317a2b7496a547d00a0c6be2b00fd646d2936a2c9e3663399fc994,,sensitive_information,,https://issues.apache.org/jira/browse/CAMEL-14150,,,,pending_human_type_review,
22f4a926fca6f0b93233b539,,,968a4d3a57927e1e3a050c80826a349966dd37f4f5c8aa89a86407d5642c206c,,sensitive_information,,https://issues.apache.org/jira/browse/CAMEL-10885,,,,pending_human_type_review,
299824c078623ac90c51df63,,,28bcd8da09ff026cdc37fed7ec9db61037f20a5503d2cdf23b048e4bbb3414e7,,sensitive_information,,https://issues.apache.org/jira/browse/HIVE-20644,,,,pending_human_type_review,
34362e72192fc5ede55b3d0b,,,d2153b5b07995548f5c0cd293dfae7b7afd88453701b14d8221341978d41c88e,,sensitive_information,,https://issues.apache.org/jira/browse/CASSANDRA-10580,,,,pending_human_type_review,
38e8ac745fdd85fdfafd6109,,,fd35bb8c7496735d70ed0b8cc12be994d79fec9232834473fa1cb56bd007dbcf,,sensitive_information,,https://issues.apache.org/jira/browse/CXF-2873,,,,pending_human_type_review,
3ad5cb1d1ae5a9f4a07329f0,,,ad4323fee8f7d78fd92abe98ef4c7a3b61b3a086ad3739d6104c63595834d4d5,,sensitive_information,,https://issues.apache.org/jira/browse/CAMEL-5291,,,,pending_human_type_review,
3ec670270f4ef785f4ea6e20,,,e8094dbd6331ab88c4c2ece9ff86fbe970862e7e140c39d2cfbd7c5c3916ae6d,,sensitive_information,,https://issues.apache.org/jira/browse/HTTPCLIENT-2138,,,,pending_human_type_review,
407b1364ead35315b6f71a9a,,,1a9dd33fa847006ee9a62b92b2bebc3e3cd8cbb318bb44f390abf0f3a5de0e0c,,sensitive_information,,https://issues.apache.org/jira/browse/KAFKA-7015,,,,pending_human_type_review,
40f9c810535dd7b266fa55fd,,,963984861aea2c9886df047b128d5074a12789a3626a54f6eb3bbbeaed73c263,,sensitive_information,,https://issues.apache.org/jira/browse/PROTOCOLS-26,,,,pending_human_type_review,
449ace97878c563056eb04a2,,,d108a2f8121d57fec81d6b9a73b74f309d57a73e6e3287e3250ac8392adb5b46,,sensitive_information,,https://issues.apache.org/jira/browse/CLOUDSTACK-8485,,,,pending_human_type_review,
44b35c511357fd687fa0798a,,,c2d3d2a3506b80b1e3a719616b49952527ce80baa42f3505403c001c7f544b7a,,sensitive_information,,https://issues.apache.org/jira/browse/FLINK-2585,,,,pending_human_type_review,
47a4f1d1e00ce5f4a9da64ea,,,763d9c513a798cde933376ab037b39afbdce4487b596a54f3f804c3c2e118734,,sensitive_information,,https://issues.apache.org/jira/browse/KAFKA-9767,,,,pending_human_type_review,
4d8eafb1df97a34e0c605152,,,d7bafcc5944e5e286470f0cb0d1b9e3fee6e1ec9bfb5d281fd5fa37aead95d9c,,sensitive_information,,https://issues.apache.org/jira/browse/SPARK-29247,,,,pending_human_type_review,
50734168dfa9872218fb3807,,,90035bc828857c76cd486a6f1417800b1fecc15e8b799ceb46c392cf01b6efea,,sensitive_information,,https://issues.apache.org/jira/browse/CONTINUUM-394,,,,pending_human_type_review,
5444be4f22d38eee188836ee,,,45b34f2923ad11098ac326a162344d0aaa6a14f5420b5b48b0c331d08f5f468c,,sensitive_information,,https://issues.apache.org/jira/browse/ZEPPELIN-2733,,,,pending_human_type_review,
59a1de10378af22b112c37cb,,,fd4d99680d84e0ee99722b792cd0404ee2556e0e54cb0a35506166f02a711631,,sensitive_information,,https://issues.apache.org/jira/browse/DELTASPIKE-382,,,,pending_human_type_review,
5b49ab37806ecc0c64b777ca,,,e143a6aa09e5d0f79e02807110cf3f5fd3d8e8e2b1279aaaf9bb877e4f2d461b,,sensitive_information,,https://issues.apache.org/jira/browse/CALCITE-2463,,,,pending_human_type_review,
6637cf2c554e67f1a105dce0,,,e7703db45f6b9378254053cc74da9c1df89273f2d998615653deb1bd1e8f5e07,,sensitive_information,,https://issues.apache.org/jira/browse/KARAF-3764,,,,pending_human_type_review,
6df20790e51ec84f7c69d5ea,,,66f0cbf6ee0d792a2e7608b3640df12e3c6a9d8abc2993878c1a43986ade5666,,sensitive_information,,https://issues.apache.org/jira/browse/DERBY-3676,,,,pending_human_type_review,
6feb004d906ef022818945a9,,,04f2a2275e558068c960de3f328c20f118a7b4689928d2d8c7e9c83bbcc95202,,sensitive_information,,https://issues.apache.org/jira/browse/KAFKA-7510,,,,pending_human_type_review,
716d93cd2d62ddefb0ec8b09,,,aea0105b64f271b0961f4373a7f5a5a67fff7975e4255c59d45617d9a16710b5,,sensitive_information,,https://issues.apache.org/jira/browse/SVN-3917,,,,pending_human_type_review,
77bea6c9d4306a76031b1144,,,7e2b46975dba3cb8880242680d91a0d8c95b32dd262a722d290dc67b2272da2b,,evidence_missing,,https://issues.apache.org/jira/browse/HIVE-17052,,,,pending_human_type_review,
79bd43fd122342b080ba324b,,,9f049099cf5e522508703790b708f55591c1b1c0d26e9134344248e5e7ac7c13,,sensitive_information,,https://issues.apache.org/jira/browse/KAFKA-10635,,,,pending_human_type_review,
7e698e02d86b9d6f2b0d6bc2,,,984d922245205fdeaae0df69f9603617db7b786b9d4a88ad2bc29c2334ad9946,,sensitive_information,,https://issues.apache.org/jira/browse/WHIRR-499,,,,pending_human_type_review,
80d8370db51043b6ae688317,,,9c1660659a8b8e27e8a6add45961fda181647040c3b5c83c77502eff90d043ec,,sensitive_information,,https://issues.apache.org/jira/browse/CXF-1887,,,,pending_human_type_review,
8b2f90a91b8265129317cac1,,,a64a6c59f00fce663b8c7df64746514eb3525937856a78027deffeb62ca5dfa4,,sensitive_information,,https://issues.apache.org/jira/browse/SPARK-27244,,,,pending_human_type_review,
8bbc97935d065fa80382d395,,,10500b0d8eb8296c7a4aa3716d2e76470442b420cea3acdcb18d339b22d598a3,,sensitive_information,,https://issues.apache.org/jira/browse/CAMEL-12480,,,,pending_human_type_review,
8dacd9f308bb6ee6a81f4404,,,4e9b5a450779fba469f053b2dd2530ef3d9a49c41cf2edf87553c786300a91b1,,sensitive_information,,https://issues.apache.org/jira/browse/FLINK-25649,,,,pending_human_type_review,
91684f06585315e16ee1d56e,,,314bff1d0ddcd2c91b7f449a5856cf4e3c04450bfc5c5a86cd4e0db7ba3e5a1a,,sensitive_information,,https://issues.apache.org/jira/browse/OOZIE-2853,,,,pending_human_type_review,
918ce92b1569db41def7cdb0,,,548209ff63920305e07dcd7c353188d8bdd4c9ada575c5a6d99eee4912ba1905,,sensitive_information,,https://issues.apache.org/jira/browse/FLINK-18091,,,,pending_human_type_review,
920ff08627de486e237f90e1,,,595c8b5f680d62d5867fb178c062184d34a5e45b8167b99b3f2c659d0a836f70,,sensitive_information,,https://issues.apache.org/jira/browse/CAMEL-15018,,,,pending_human_type_review,
95636ac46394cd81fb9dbf50,,,6e49bd36c552a1d93d72507be692df1f1925d5c6e2715cbcb57da8d3ff87e896,,sensitive_information,,https://issues.apache.org/jira/browse/CONTINUUM-2505,,,,pending_human_type_review,
987db735fee469063f8cd4cc,,,60fa46f5f242062cdf9b3a09090bb019b940c5ec046d249323d928fd2cb81d72,,sensitive_information,,https://github.com/Azure/azure-cli/issues/23740,,,,pending_human_type_review,
9b231073010b3e73d982600b,,,b0ade5af2d1840937d52cacf340097f78e44512b2329983213754502d0d7f897,,sensitive_information,,https://issues.apache.org/jira/browse/LANG-1400,,,,pending_human_type_review,
9b2e52eb5748ad0960eca483,,,48fd656106b47600a1a185c38d2b7e506b0050b1a9f4857cc5484e7b57620068,,sensitive_information,,https://issues.apache.org/jira/browse/TRAFODION-1746,,,,pending_human_type_review,
a13ff0d703da197394be6ff2,,,7ade09ee829ef32b063d04b6d7d9363f100ae7710a02c94b5667b59064487fa4,,evidence_missing,,https://issues.apache.org/jira/browse/SVN-1051,,,,pending_human_type_review,
ad03c7dbb18e4fb90cc8369e,,,da6619047c6683bef17f3b9c3e7bf56158c91eeb703a117362659e1e50ee5884,,sensitive_information,,https://issues.apache.org/jira/browse/MDEPLOY-198,,,,pending_human_type_review,
b00fe701afd3acfee6c08cd8,,,4931d2685d83289e33325c2364398d7fb9645d15ad15ae499ff01d6ffa6ed475,,sensitive_information,,https://issues.apache.org/jira/browse/OAK-943,,,,pending_human_type_review,
b037bb9b8be29f2b8738964a,,,a0f5a42eac707d52d3ff34565a74d6729a6aecf99545808e237f445afa30c68a,,sensitive_information,,https://issues.apache.org/jira/browse/HTTPCLIENT-1922,,,,pending_human_type_review,
b4211888c31754cba893cfc2,,,35fdbc1eb4f5433e9ef8eced702e344623afd455f33139f727d9c70871e36bf4,,sensitive_information,,https://issues.apache.org/jira/browse/GEODE-9354,,,,pending_human_type_review,
b79f330efb276ad386006d33,,,a51d11627f8a62703b5e302d2d0bd84e996c1e23505c1aab709749786294d391,,sensitive_information,,https://issues.apache.org/jira/browse/ZOOKEEPER-2405,,,,pending_human_type_review,
b85e5a0db9c304e37d8daa65,,,57e2899702ebcbb271086ed4164a1fa23808d8b48476e88053ef373fc07bcbc2,,sensitive_information,,https://issues.apache.org/jira/browse/HIVE-9994,,,,pending_human_type_review,
bac50c9714d0d9f542afd086,,,915d03a45f28ab8775d92e3cd969f8deac96f2551914476743d51a61305bf525,,sensitive_information,,https://issues.apache.org/jira/browse/SUREFIRE-358,,,,pending_human_type_review,
c3ad649714109e05be38643f,,,dfd0c22426c93653bcc1b49b122c2662cbadfd869f856ffe309ff4fe927f435a,,sensitive_information,,https://issues.apache.org/jira/browse/QPID-8460,,,,pending_human_type_review,
cd2dd5dbf2b600a0e34f37c3,,,27a3887dd8c9b1b1cfc57ad214f2bc1ebd436a00545155e96b4884157c5227ba,,sensitive_information,,https://issues.apache.org/jira/browse/HTTPCLIENT-586,,,,pending_human_type_review,
ceb30a0ae2ec930d93ee8606,,,a1c692cf2e9fd02fdafc5cde81ab09ab017be1764e2800871756c1426fac36c3,,sensitive_information,,https://issues.apache.org/jira/browse/DRILL-6189,,,,pending_human_type_review,
cfb43fe3f95a3e81e4f4d9a4,,,26867794927fe34d9529ec1a59d840efe4b87868a6cae00270cdda442b3f9ad5,,sensitive_information,,https://issues.apache.org/jira/browse/QPID-5889,,,,pending_human_type_review,
d4c05105174d5f1ae07c4494,,,90e9b0e29db1dbf0f3aefbaae14576c246f24f2965197e026d841905240c50a2,,sensitive_information,,https://issues.apache.org/jira/browse/ZEPPELIN-828,,,,pending_human_type_review,
d6812a659054098ceeca2ec2,,,2f1ef7ff5ff0b3d492faeb44893afed3bf77ce096c4aefcec5242f4825c71d8d,,evidence_missing,,https://issues.apache.org/jira/browse/JSPWIKI-736,,,,pending_human_type_review,
dd8475ee8a59a8f614886769,,,5df865c961af6cd6e0fe2240b3c27c43c944e82c680c4f5c1905b9202d29d6cc,,sensitive_information,,https://issues.apache.org/jira/browse/ARTEMIS-4405,,,,pending_human_type_review,
e86019fe84cabe0928b391db,,,a72db66c031e5f86e6a2b8794ef4e50cdd521eced119482e4e8d709149472a97,,sensitive_information,,https://issues.apache.org/jira/browse/CXF-6824,,,,pending_human_type_review,
e95f42eb361607824237def6,,,c7528da2018d52e381e55f5ca918549b51c96c0935fdfe160fafc55ede08d1f4,,sensitive_information,,https://issues.apache.org/jira/browse/CLOUDSTACK-6213,,,,pending_human_type_review,
e9f61748775abaaad1a7e45e,,,7f1ec0aaa92fe655ace324ae81185423dfeec01ada58b80f12ff7157db118c5c,,sensitive_information,,https://issues.apache.org/jira/browse/KAFKA-4056,,,,pending_human_type_review,
eac440423a7f535090057473,,,fcb3e7997250866d9c7ef2aa781050733a466496dbf69f973cb57881404c8855,,evidence_missing,,https://issues.apache.org/jira/browse/IMPALA-4244,,,,pending_human_type_review,
efa92f07fefb7b92db62c706,,,08daa7e52ebb59279443e3eaedfc715aa9afeca1b6b1ab415b206c47def469ed,,sensitive_information,,https://issues.apache.org/jira/browse/HBASE-14443,,,,pending_human_type_review,
fa6f841f767e02d056a9470f,,,4b5af83a108d3b5107abc49a87295eb60ad0ad0d5373a4ff375c062f397b68fa,,sensitive_information,,https://issues.apache.org/jira/browse/CASSANDRA-16669,,,,pending_human_type_review,
fb3708f869e08dd9cc409dd1,,,d23d8e8a32ce8663188e80d3b33848ae85b8448c9811164da79f8d3a53841384,,sensitive_information,,https://issues.apache.org/jira/browse/KAFKA-6804,,,,pending_human_type_review,
ff0a895514554b86dde34271,,,37161b63ee2a2fd3624305e9cb061a8594f2cdadfb160b2d02cbccaa60e60212,,sensitive_information,,https://issues.apache.org/jira/browse/CAMEL-19676,,,,pending_human_type_review,
