"step","count"
"seed:prs_known",72055
"seed:prs_merged",48715
"seed:file_rows_read",1775765
"seed:file_rows_unmerged_or_unknown_pr",670812
"seed:merge_message_commits_dropped",9496
"seed:seed_prs",2768
"seed:seed_prs_with_log_hit",2664
"seed:seed_repositories",494
"anchor:missing:merged_after_frozen_head",4
"anchor:missing:merged_into_non_default_branch",38
"anchor:missing:no_matching_commit_in_window",107
"anchor:missing:pr_number_found_but_unvalidated",7
"anchor:missing:pr_ref_unavailable",6
"anchor:patch_id",758
"anchor:pr_head_in_history",31
"anchor:pr_number",1751
"anchor:text",47
"chains",15615
"chains_selected",3059
"first_parent_commits",1290288
"lineage_ambiguous_after_parse_gap",2
"lineage_lost_after_parse_gap",38
"lineage_resumed_after_parse_gap",41
"lineage_status:alive_at_frozen_head",675
"lineage_status:ambiguous_after_parse_gap",2
"lineage_status:deleted",785
"lineage_status:file_deleted",2230
"lineage_status:lost_after_parse_gap",38
"lineage_status:suspended_at_window_end",5
"lineage_status:window_end",11880
"lineage_suspended",86
"lineages",15615
"prescan_added:agent_commit",6009
"prescan_added:agent_pr_unverified",8347
"prescan_added:mixed_commits",83
"prescan_added:non_agent_commit",1498
"prescan_added:not_in_pr",3419
"prescan_added:unknown",254
"prescan_file_excluded_generated",2907
"prescan_file_parse_failed",64
"prescan_modified:agent_commit",795
"prescan_modified:agent_pr_unverified",749
"prescan_modified:mixed_commits",8
"prescan_modified:non_agent_commit",250
"prescan_modified:not_in_pr",468
"prescan_modified:unknown",6
"repositories_complete",470
"repositories_failed",7
"repositories_partial",17
"seed_logs",16251
"seed_logs_merged_into_existing_lineage",636
