A_semantics_status,A_types,B_log_relation_status,B_log_relation_value,B_privacy_risk_status,B_privacy_risk_value,B_program_semantics_status,B_program_semantics_value,B_sensitive_type_status,B_sensitive_type_value,B_types,C_log_relation_status,C_log_relation_value,C_privacy_risk_status,C_privacy_risk_value,C_program_semantics_status,C_program_semantics_value,C_reviewer_changed_dimensions,C_sensitive_type_status,C_sensitive_type_value,C_types,ambiguity_source,case_id,field,human_truth,language,line,lost_supported_C_vs_B,new_supported_C_vs_B,path,primary_blocker,queues,repository,role,sha,stop,tutorial_or_example,type_control
ambiguous,[],ambiguous,serialization_formatting,ambiguous,no_current_risk_evidence,ambiguous,nominal_type,ambiguous,unknown,[],ambiguous,possible,ambiguous,no_current_risk_evidence,ambiguous,structural,"[""program_semantics""]",ambiguous,unknown,[],generic_name,05fcc2ac917bfc39d1aeb16a,data,pending,python,148,False,False,kura/checkpoints/sql.py,binding_unresolved,"[""binding_unresolved"",""dynamic_flow_unresolved"",""semantic_unknown""]",567-labs/kura,exploratory_source_debug_exposed,956d95ac6a19c841c59eefe692f3341dfc2ba410,no_new_evidence_or_dependency_unavailable,False,False
ambiguous,[],ambiguous,selected_field,ambiguous,undetermined,ambiguous,nominal_type,ambiguous,unmapped,"[{""category"":null,""evidence_refs"":[""67f318570acf006c8b33a3cd"",""ad84331cc51446e5e783bbb5""],""proposed_label"":""runtime class name / implementation identifier"",""subtype"":null}]",ambiguous,selected_field,ambiguous,undetermined,ambiguous,nominal_type,[],ambiguous,unmapped,"[{""category"":null,""evidence_refs"":[""67f318570acf006c8b33a3cd"",""ad84331cc51446e5e783bbb5""],""proposed_label"":""runtime class name / implementation identifier"",""subtype"":null}]",business_abbreviation,1e4dcb333a870ea68cf64102,mgr,pending,python,136,False,False,kura/checkpoints/multi.py,binding_unresolved,"[""binding_unresolved"",""semantic_unknown""]",567-labs/kura,frozen_evaluation_pending_human,f016206da68ebc4f5294b66ba4a074656ad715a0,no_new_evidence_or_dependency_unavailable,False,False
ambiguous,[],supported,selected_field,ambiguous,undetermined,supported,nominal_type,supported,mapped,"[{""category"":""DIAG"",""evidence_refs"":[""af1edab147a571a4fefd75e0"",""2a219c3ba7041c4396924575""],""proposed_label"":""堆栈载体"",""subtype"":""stack_trace""}]",supported,selected_field,ambiguous,undetermined,supported,nominal_type,"[""program_semantics"",""sensitive_type"",""log_relation""]",supported,mapped,"[{""category"":""DIAG"",""evidence_refs"":[""af1edab147a571a4fefd75e0"",""2a219c3ba7041c4396924575""],""proposed_label"":""堆栈载体"",""subtype"":""stack_trace""}]",business_abbreviation,1e6358e4816e012b37c54289,err,pending,typescript,102,False,False,src/isolate-bin.ts,parser_unsupported,"[""parser_unsupported"",""binding_unresolved""]",0x80/isolate-package,development,41e61a2a778046557fddaf51737a193921c9ea24,no_new_evidence_or_dependency_unavailable,False,False
ambiguous,[],supported,direct_original,ambiguous,undetermined,ambiguous,unknown,ambiguous,unknown,[],supported,direct_original,ambiguous,undetermined,ambiguous,business_meaning,[],ambiguous,unknown,[],business_abbreviation,25732489f1bcd347aa275a40,port,pending,go,179,False,False,internal/server/server.go,parser_unsupported,"[""parser_unsupported"",""dynamic_flow_unresolved"",""semantic_unknown""]",0x4d31/galah,frozen_evaluation_pending_human,1b599c797edf9860db709a7de8e347e092466480,no_new_evidence_or_dependency_unavailable,False,False
ambiguous,[],ambiguous,direct_original,ambiguous,undetermined,ambiguous,nominal_type,ambiguous,mapped,"[{""category"":""DIAG"",""evidence_refs"":[""47d9de342af01a45c13fa240"",""3b83ec519da900e07bc1a81e""],""proposed_label"":""异常内容载体"",""subtype"":""exception_message""}]",ambiguous,direct_original,ambiguous,undetermined,ambiguous,nominal_type,[],ambiguous,mapped,"[{""category"":""DIAG"",""evidence_refs"":[""47d9de342af01a45c13fa240"",""3b83ec519da900e07bc1a81e""],""proposed_label"":""异常内容载体"",""subtype"":""exception_message""}]",business_abbreviation,2a7c4934c63e40fc4972dc4f,err,pending,go,171,False,False,internal/server/server.go,parser_unsupported,"[""parser_unsupported"",""dynamic_flow_unresolved"",""semantic_unknown""]",0x4d31/galah,frozen_evaluation_pending_human,61185db22ee39a4bc909404c2397fac31f6d4da9,no_new_evidence_or_dependency_unavailable,False,False
ambiguous,[],ambiguous,direct_original,ambiguous,undetermined,ambiguous,unknown,ambiguous,mapped,"[{""category"":""DIAG"",""evidence_refs"":[""b8a3c04b42dce6b2cccb414c"",""d7b9032e22b986248acb61ef""],""proposed_label"":""异常内容载体"",""subtype"":""exception_message""}]",ambiguous,direct_original,ambiguous,undetermined,ambiguous,unknown,[],ambiguous,mapped,"[{""category"":""DIAG"",""evidence_refs"":[""b8a3c04b42dce6b2cccb414c"",""d7b9032e22b986248acb61ef""],""proposed_label"":""异常内容载体"",""subtype"":""exception_message""}]",explicit_or_other_name,5cbd1e553c2456a2a722927e,expression,pending,typescript,47,False,False,src/lib/lockfile/helpers/generate-yarn-lockfile.ts,parser_unsupported,"[""parser_unsupported"",""dynamic_flow_unresolved"",""semantic_unknown""]",0x80/isolate-package,development,2c9a5209bafd87729a6cd2b7223dc97c6129def7,no_new_evidence_or_dependency_unavailable,False,False
ambiguous,[],ambiguous,direct_original,supported,no_current_risk_evidence,ambiguous,nominal_type,ambiguous,unknown,[],ambiguous,direct_original,ambiguous,undetermined,supported,nominal_type,"[""log_relation""]",ambiguous,unknown,[],explicit_or_other_name,7f6e6dbb18581f8792d172e9,summaries,pending,python,492,False,True,kura/cluster.py,binding_unresolved,"[""binding_unresolved"",""known_semantics_unmapped""]",567-labs/kura,frozen_evaluation_pending_human,8aa31bb78689ac862aaa231e75adcfd8fb412b37,no_new_evidence_or_dependency_unavailable,False,True
ambiguous,[],ambiguous,possible,ambiguous,undetermined,supported,structural,supported,mapped,"[{""category"":""CFG"",""evidence_refs"":[""310c6bbeda4e57952f7212a9""],""proposed_label"":""内部文件路径"",""subtype"":""filesystem_path""}]",ambiguous,possible,ambiguous,undetermined,supported,structural,[],supported,mapped,"[{""category"":""CFG"",""evidence_refs"":[""310c6bbeda4e57952f7212a9""],""proposed_label"":""内部文件路径"",""subtype"":""filesystem_path""}]",explicit_or_other_name,83b87099b380e49e3dfb5885,isolateDir,pending,typescript,150,False,False,src/isolate.ts,parser_unsupported,"[""parser_unsupported"",""dynamic_flow_unresolved""]",0x80/isolate-package,development,29f93680f3f2708713ff58a422b415d403c09b62,no_new_evidence_or_dependency_unavailable,False,False
ambiguous,[],ambiguous,derived_count,ambiguous,no_current_risk_evidence,ambiguous,structural,ambiguous,non_sensitive,[],ambiguous,derived_count,ambiguous,no_current_risk_evidence,ambiguous,structural,[],ambiguous,non_sensitive,[],explicit_or_other_name,9083b0209276385ad23d90ba,Object,pending,typescript,359,False,False,src/isolate.ts,dynamic_flow_unresolved,"[""dynamic_flow_unresolved"",""semantic_unknown""]",0x80/isolate-package,development,3eacdbbbfd96f224e63a173a4936144f682b1a14,no_new_valid_request,False,False
ambiguous,[],supported,selected_field,ambiguous,undetermined,ambiguous,nominal_type,ambiguous,unknown,[],supported,selected_field,ambiguous,undetermined,ambiguous,nominal_type,[],ambiguous,unknown,[],explicit_or_other_name,c725de41aaa6933b1d38cfd5,r.RemoteAddr,pending,go,179,False,False,internal/server/server.go,parser_unsupported,"[""parser_unsupported"",""dynamic_flow_unresolved"",""semantic_unknown""]",0x4d31/galah,frozen_evaluation_pending_human,187aa22da3dfc556da24147c1d7eded15afeeaa3,no_new_evidence_or_dependency_unavailable,False,False
ambiguous,[],supported,derived_count,supported,no_current_risk_evidence,ambiguous,nominal_type,ambiguous,unknown,[],supported,derived_count,supported,no_current_risk_evidence,ambiguous,structural,[],ambiguous,unknown,[],generic_name,d7d282adcbfd7fe6b3bb0f81,data,pending,python,100,False,False,kura/v1/kura.py,binding_unresolved,"[""binding_unresolved"",""semantic_unknown""]",567-labs/kura,frozen_evaluation_pending_human,1d05f0166366d837464978f033706ed1a7a93e30,no_new_evidence_or_dependency_unavailable,False,False
ambiguous,[],ambiguous,derived_count,ambiguous,no_current_risk_evidence,unsupported,unknown,unsupported,unknown,[],supported,derived_count,supported,no_current_risk_evidence,ambiguous,structural,[],supported,non_sensitive,[],generic_name,ef227df12c83b80ffb316754,result,pending,python,129,False,False,scripts/tutorial_class_api.py,dynamic_flow_unresolved,"[""dynamic_flow_unresolved"",""budget_exhausted"",""semantic_unknown"",""supported_non_sensitive""]",567-labs/kura,frozen_evaluation_pending_human,ccc41e4aa331fd9077f533bcfb0c026f00023515,round_budget_exhausted,True,False
