category,category_label,subtype,subtype_label,aidev-full-v5,swechat-full-v5,aidev-anchors-v3,aidev-prior-cache-v042,observed_in_current_batches,human_review_status,runtime_confirmed
AUTH,认证秘密,access_token,访问令牌,0,16,0,0,True,pending,False
AUTH,认证秘密,api_key,服务密钥,0,17,0,0,True,pending,False
AUTH,认证秘密,auth_cookie,认证 Cookie,0,0,0,0,False,pending,False
AUTH,认证秘密,authorization_header,认证头,0,0,0,0,False,pending,False
AUTH,认证秘密,credential_bundle,其他认证秘密或凭证对象,0,4,0,0,True,pending,False
AUTH,认证秘密,password,密码,10,8,0,0,True,pending,False
AUTH,认证秘密,private_key,私钥,0,0,0,0,False,pending,False
BIZ,业务内容,business_object,业务对象载体,10,66,0,0,True,pending,False
BIZ,业务内容,document_content,文档及内容载体,0,1,0,0,True,pending,False
BIZ,业务内容,http_headers,请求响应头载体,0,1,0,0,True,pending,False
BIZ,业务内容,message_content,业务聊天内容载体,0,0,0,0,False,pending,False
BIZ,业务内容,request_body,请求体载体,2,34,0,0,True,pending,False
BIZ,业务内容,response_body,响应体载体,11,56,2,0,True,pending,False
BIZ,业务内容,unclassified_content,细类待确定,0,3,0,0,True,pending,False
BIZ,业务内容,unclassified_object,细类待确定,2,57,0,0,True,pending,False
CFG,内部配置及资源,database_connection,数据库连接,0,2,0,0,True,pending,False
CFG,内部配置及资源,deployment_configuration,配置及部署载体,17,39,0,0,True,pending,False
CFG,内部配置及资源,environment,环境变量载体,0,20,0,0,True,pending,False
CFG,内部配置及资源,filesystem_path,内部文件路径,17,16,0,0,True,pending,False
CFG,内部配置及资源,internal_endpoint,内部端点,0,0,0,0,False,pending,False
CFG,内部配置及资源,unclassified_internal_resource,细类待确定,0,0,0,0,False,pending,False
DIAG,诊断载体,exception_message,异常内容载体,172,648,47,0,True,pending,False
DIAG,诊断载体,failure_response,失败响应载体,0,0,0,0,False,pending,False
DIAG,诊断载体,stack_trace,堆栈载体,0,27,0,0,True,pending,False
PII,个人及敏感个人信息,biometric,生物特征,0,0,0,0,False,pending,False
PII,个人及敏感个人信息,email,邮箱,32,62,0,0,True,pending,False
PII,个人及敏感个人信息,financial,个人金融信息,0,0,0,0,False,pending,False
PII,个人及敏感个人信息,government_identifier,政府证件标识,0,0,0,0,False,pending,False
PII,个人及敏感个人信息,medical,医疗健康信息,0,0,0,0,False,pending,False
PII,个人及敏感个人信息,person_name,个人姓名,1,20,0,0,True,pending,False
PII,个人及敏感个人信息,phone,电话,0,0,0,0,False,pending,False
PII,个人及敏感个人信息,postal_address,通信地址,0,0,0,0,False,pending,False
PII,个人及敏感个人信息,precise_location,精确位置候选,0,0,0,0,False,pending,False
PII,个人及敏感个人信息,unspecified_personal_information,细类待确定,0,0,0,0,False,pending,False
QID,可关联标识,device_identifier,设备标识,4,0,0,0,True,pending,False
QID,可关联标识,network_identifier,网络关联标识,40,3,4,0,True,pending,False
QID,可关联标识,request_identifier,请求关联标识,0,21,0,0,True,pending,False
QID,可关联标识,session_identifier,会话标识,0,69,0,0,True,pending,False
QID,可关联标识,tenant_identifier,租户标识,0,0,0,0,False,pending,False
QID,可关联标识,transaction_identifier,业务关联标识,0,2,0,0,True,pending,False
QID,可关联标识,unspecified_linkable_identifier,细类待确定,0,0,0,0,False,pending,False
QID,可关联标识,user_identifier,用户或账户标识,0,82,0,0,True,pending,False
